{
  "geometricError": 2000.0,
  "root": {
    "children": [
      {
        "children": [
          {
            "geometricError": 0.0,
            "boundingVolume": {
              "region": [
                0.09772638848653713,
                0.9064925764936442,
                0.09824108020737615,
                0.906820640503064,
                0.0,
                100.0
              ]
            },
            "content": {
              "uri": "content/0_0_1_1.glb"
            }
          }
        ],
        "geometricError": 5.0,
        "boundingVolume": {
          "region": [
            0.09772638848653713,
            0.9064925764936442,
            0.09824108020737615,
            0.906820640503064,
            0.0,
            100.0
          ]
        },
        "content": {
          "uri": "content/1_0_0_0.glb"
        }
      },
      {
        "children": [
          {
            "geometricError": 0.0,
            "boundingVolume": {
              "region": [
                0.09772994409062771,
                0.9068135355916431,
                0.09823678470082912,
                0.9071199546238016,
                0.0,
                100.0
              ]
            },
            "content": {
              "uri": "content/0_1_1_1.glb"
            }
          }
        ],
        "geometricError": 5.0,
        "boundingVolume": {
          "region": [
            0.09772994409062771,
            0.9068135355916431,
            0.09823678470082912,
            0.9071199546238016,
            0.0,
            100.0
          ]
        },
        "content": {
          "uri": "content/1_0_1_0.glb"
        }
      },
      {
        "children": [
          {
            "geometricError": 0.0,
            "boundingVolume": {
              "region": [
                0.09823761140461351,
                0.9064913957640441,
                0.09874951298725006,
                0.906821669332303,
                0.0,
                100.0
              ]
            },
            "content": {
              "uri": "content/1_0_1_1.glb"
            }
          }
        ],
        "geometricError": 5.0,
        "boundingVolume": {
          "region": [
            0.09823761140461351,
            0.9064913957640441,
            0.09874951298725006,
            0.906821669332303,
            0.0,
            100.0
          ]
        },
        "content": {
          "uri": "content/1_1_0_0.glb"
        }
      },
      {
        "children": [
          {
            "geometricError": 0.0,
            "boundingVolume": {
              "region": [
                0.09824412649801682,
                0.9068118882173332,
                0.09853815059658239,
                0.9069978593244447,
                0.0,
                100.0
              ]
            },
            "content": {
              "uri": "content/2_2_2_1.glb"
            }
          }
        ],
        "geometricError": 5.0,
        "boundingVolume": {
          "region": [
            0.09824412649801682,
            0.9068118882173332,
            0.09853815059658239,
            0.9069978593244447,
            0.0,
            100.0
          ]
        },
        "content": {
          "uri": "content/2_2_2_0.glb"
        }
      },
      {
        "children": [
          {
            "geometricError": 0.0,
            "boundingVolume": {
              "region": [
                0.09823662124676202,
                0.9069963290844562,
                0.09852878158612348,
                0.9071203883768854,
                0.0,
                100.0
              ]
            },
            "content": {
              "uri": "content/2_3_2_1.glb"
            }
          }
        ],
        "geometricError": 5.0,
        "boundingVolume": {
          "region": [
            0.09823662124676202,
            0.9069963290844562,
            0.09852878158612348,
            0.9071203883768854,
            0.0,
            100.0
          ]
        },
        "content": {
          "uri": "content/2_2_3_0.glb"
        }
      },
      {
        "children": [
          {
            "geometricError": 0.0,
            "boundingVolume": {
              "region": [
                0.09851697902681854,
                0.9068232804074501,
                0.09875026064744225,
                0.9070022294950747,
                0.0,
                100.0
              ]
            },
            "content": {
              "uri": "content/3_2_2_1.glb"
            }
          }
        ],
        "geometricError": 5.0,
        "boundingVolume": {
          "region": [
            0.09851697902681854,
            0.9068232804074501,
            0.09875026064744225,
            0.9070022294950747,
            0.0,
            100.0
          ]
        },
        "content": {
          "uri": "content/2_3_2_0.glb"
        }
      },
      {
        "children": [
          {
            "geometricError": 0.0,
            "boundingVolume": {
              "region": [
                0.098526612486519,
                0.9069969806871109,
                0.09860046944560931,
                0.9070431808558631,
                0.0,
                100.0
              ]
            },
            "content": {
              "uri": "content/12_12_4_1.glb"
            }
          }
        ],
        "geometricError": 5.0,
        "boundingVolume": {
          "region": [
            0.098526612486519,
            0.9069969806871109,
            0.09860046944560931,
            0.9070431808558631,
            0.0,
            100.0
          ]
        },
        "content": {
          "uri": "content/4_12_12_0.glb"
        }
      },
      {
        "children": [
          {
            "geometricError": 0.0,
            "boundingVolume": {
              "region": [
                0.09852644095679562,
                0.9070412815222774,
                0.09860101189183582,
                0.9070877951690606,
                0.0,
                100.0
              ]
            },
            "content": {
              "uri": "content/12_13_4_1.glb"
            }
          }
        ],
        "geometricError": 5.0,
        "boundingVolume": {
          "region": [
            0.09852644095679562,
            0.9070412815222774,
            0.09860101189183582,
            0.9070877951690606,
            0.0,
            100.0
          ]
        },
        "content": {
          "uri": "content/4_12_13_0.glb"
        }
      },
      {
        "children": [
          {
            "geometricError": 0.0,
            "boundingVolume": {
              "region": [
                0.09859950850604048,
                0.9070018548564244,
                0.09866491684462136,
                0.9070453504294613,
                0.0,
                100.0
              ]
            },
            "content": {
              "uri": "content/13_12_4_1.glb"
            }
          }
        ],
        "geometricError": 5.0,
        "boundingVolume": {
          "region": [
            0.09859950850604048,
            0.9070018548564244,
            0.09866491684462136,
            0.9070453504294613,
            0.0,
            100.0
          ]
        },
        "content": {
          "uri": "content/4_13_12_0.glb"
        }
      },
      {
        "children": [
          {
            "geometricError": 0.0,
            "boundingVolume": {
              "region": [
                0.09859884176439312,
                0.9070414853204604,
                0.09867217822249502,
                0.9070883891087269,
                0.0,
                100.0
              ]
            },
            "content": {
              "uri": "content/13_13_4_1.glb"
            }
          }
        ],
        "geometricError": 5.0,