{
  "geometricError": 2000.0,
  "root": {
    "boundingVolume": {
      "region": [
        -1.319720634428208,
        0.6820249136353067,
        -1.3165948696296743,
        0.6847240769638034,
        0.0,
        100.0
      ]
    },
    "geometricError": 1000.0,
    "content": {
      "url": "0_0_0.glb"
    },
    "children" : [
      
    ]
  }
}